Region,Market,Chart,Name,Unit,Source,2021,2022,2023,2024,2025,2026,2027,2028,2029,2030,2031,France,Germany
Germany,Macroeconomic Indicators,Gross Domestic Product,Gross Domestic Product,trillion EUR (€),Statista Market Insights|World Bank|OECD|IMF|ADB - Asian Development Bank,3.68,3.99,4.22,4.34,4.67,4.97,5.14,5.31,5.48,5.64,5.77,,
France,Macroeconomic Indicators,Gross Domestic Product,Gross Domestic Product,trillion EUR (€),Statista Market Insights|World Bank|OECD|IMF|ADB - Asian Development Bank,2.51,2.65,2.83,2.93,3.13,3.32,3.42,3.53,3.65,3.76,3.86,,
Germany,Macroeconomic Indicators,Gross Domestic Product - Per Capita,Gross Domestic Product - Per Capita,thousand EUR (€),Statista Market Insights|World Bank|IMF|OECD,44,47.44,49.9,51.37,55.55,59.41,61.55,63.75,66.03,68.09,69.95,,
France,Macroeconomic Indicators,Gross Domestic Product - Per Capita,Gross Domestic Product - Per Capita,thousand EUR (€),Statista Market Insights|World Bank|IMF|OECD,37.95,40.04,42.6,44.05,46.98,49.72,51.16,52.71,54.39,55.99,57.43,,
Germany,Macroeconomic Indicators,Gross National Income,Gross National Income,trillion EUR (€),Statista Market Insights|World Bank|IMF,3.81,4.13,4.37,4.5,4.84,5.15,5.32,5.5,5.69,5.85,5.99,,
France,Macroeconomic Indicators,Gross National Income,Gross National Income,trillion EUR (€),Statista Market Insights|World Bank|IMF,2.59,2.73,2.88,2.99,3.2,3.39,3.5,3.61,3.73,3.84,3.95,,
Germany,Macroeconomic Indicators,Gross National Income - Per Capita,Gross National Income - Per Capita,thousand EUR (€),Statista Market Insights|World Bank|IMF,45.48,49.16,51.65,53.21,57.53,61.55,63.8,66.11,68.49,70.66,72.61,,
France,Macroeconomic Indicators,Gross National Income - Per Capita,Gross National Income - Per Capita,thousand EUR (€),Statista Market Insights|World Bank|IMF,39.14,41.16,43.39,44.98,48.04,50.85,52.33,53.93,55.65,57.29,58.77,,
Germany,Macroeconomic Indicators,Real Gross Domestic Product,Real Gross Domestic Product,trillion EUR (€),Statista Market Insights|World Bank|IMF,3.24,3.7,3.57,3.57,3.59,3.63,3.69,3.73,3.78,3.81,3.83,,
France,Macroeconomic Indicators,Real Gross Domestic Product,Real Gross Domestic Product,trillion EUR (€),Statista Market Insights|World Bank|IMF,2.24,2.58,2.56,2.59,2.62,2.65,2.69,2.72,2.76,2.8,2.83,,
Germany,Macroeconomic Indicators,Real Gross Domestic Product - Per Capita,Real Gross Domestic Product - Per Capita,thousand EUR (€),Statista Market Insights|World Bank|IMF,38.66,43.99,42.26,42.17,42.69,43.36,44.17,44.87,45.53,45.97,46.39,,
France,Macroeconomic Indicators,Real Gross Domestic Product - Per Capita,Real Gross Domestic Product - Per Capita,thousand EUR (€),Statista Market Insights|World Bank|IMF,33.86,38.98,38.5,38.98,39.36,39.71,40.18,40.68,41.22,41.67,42.11,,
Germany,Macroeconomic Indicators,Gross National Income - Percentage Of GDP,Gross National Income - Percentage Of GDP,percent,Statista Market Insights|World Bank|World Economic Forum,103.38,103.62,103.5,103.57,103.56,103.61,103.66,103.7,103.74,103.78,103.81,,
France,Macroeconomic Indicators,Gross National Income - Percentage Of GDP,Gross National Income - Percentage Of GDP,percent,Statista Market Insights|World Bank|World Economic Forum,103.13,102.79,101.87,102.11,102.24,102.27,102.29,102.3,102.31,102.32,102.33,,
Germany|France,Macroeconomic Indicators,Value Added Industry and Mining,2021,percent,Statista Market Insights|World Bank,,,,,,,,,,,,18.23,28.29
Germany|France,Macroeconomic Indicators,Value Added Agriculture,2021,percent,Statista Market Insights|World Bank,,,,,,,,,,,,1.66,0.83
Germany|France,Macroeconomic Indicators,Value Added Services,2021,percent,Statista Market Insights|World Bank,,,,,,,,,,,,80.11,70.88
Germany|France,Macroeconomic Indicators,Value Added Industry and Mining,2022,percent,Statista Market Insights|World Bank,,,,,,,,,,,,18.17,28.57
Germany|France,Macroeconomic Indicators,Value Added Agriculture,2022,percent,Statista Market Insights|World Bank,,,,,,,,,,,,1.79,0.88
Germany|France,Macroeconomic Indicators,Value Added Services,2022,percent,Statista Market Insights|World Bank,,,,,,,,,,,,80.04,70.55
Germany|France,Macroeconomic Indicators,Value Added Industry and Mining,2023,percent,Statista Market Insights|World Bank,,,,,,,,,,,,20.55,29.9
Germany|France,Macroeconomic Indicators,Value Added Agriculture,2023,percent,Statista Market Insights|World Bank,,,,,,,,,,,,1.94,0.92
Germany|France,Macroeconomic Indicators,Value Added Services,2023,percent,Statista Market Insights|World Bank,,,,,,,,,,,,77.51,69.18
Germany|France,Macroeconomic Indicators,Value Added Industry and Mining,2024,percent,Statista Market Insights|World Bank,,,,,,,,,,,,19.63,28.53
Germany|France,Macroeconomic Indicators,Value Added Agriculture,2024,percent,Statista Market Insights|World Bank,,,,,,,,,,,,1.6,0.91
Germany|France,Macroeconomic Indicators,Value Added Services,2024,percent,Statista Market Insights|World Bank,,,,,,,,,,,,78.77,70.56
Germany|France,Macroeconomic Indicators,Value Added Industry and Mining,2025,percent,Statista Market Insights|World Bank,,,,,,,,,,,,19.77,27.89
Germany|France,Macroeconomic Indicators,Value Added Agriculture,2025,percent,Statista Market Insights|World Bank,,,,,,,,,,,,1.56,0.92
Germany|France,Macroeconomic Indicators,Value Added Services,2025,percent,Statista Market Insights|World Bank,,,,,,,,,,,,78.67,71.18
Germany|France,Macroeconomic Indicators,Value Added Industry and Mining,2026,percent,Statista Market Insights|World Bank,,,,,,,,,,,,19.91,27.77
Germany|France,Macroeconomic Indicators,Value Added Agriculture,2026,percent,Statista Market Insights|World Bank,,,,,,,,,,,,1.52,0.93
Germany|France,Macroeconomic Indicators,Value Added Services,2026,percent,Statista Market Insights|World Bank,,,,,,,,,,,,78.57,71.3
Germany|France,Macroeconomic Indicators,Value Added Industry and Mining,2027,percent,Statista Market Insights|World Bank,,,,,,,,,,,,20.04,27.65
Germany|France,Macroeconomic Indicators,Value Added Agriculture,2027,percent,Statista Market Insights|World Bank,,,,,,,,,,,,1.49,0.94
Germany|France,Macroeconomic Indicators,Value Added Services,2027,percent,Statista Market Insights|World Bank,,,,,,,,,,,,78.47,71.41
Germany|France,Macroeconomic Indicators,Value Added Industry and Mining,2028,percent,Statista Market Insights|World Bank,,,,,,,,,,,,20.17,27.53
Germany|France,Macroeconomic Indicators,Value Added Agriculture,2028,percent,Statista Market Insights|World Bank,,,,,,,,,,,,1.46,0.95
Germany|France,Macroeconomic Indicators,Value Added Services,2028,percent,Statista Market Insights|World Bank,,,,,,,,,,,,78.37,71.52
Germany|France,Macroeconomic Indicators,Value Added Industry and Mining,2029,percent,Statista Market Insights|World Bank,,,,,,,,,,,,20.3,27.42
Germany|France,Macroeconomic Indicators,Value Added Agriculture,2029,percent,Statista Market Insights|World Bank,,,,,,,,,,,,1.43,0.96
Germany|France,Macroeconomic Indicators,Value Added Services,2029,percent,Statista Market Insights|World Bank,,,,,,,,,,,,78.27,71.62
Germany|France,Macroeconomic Indicators,Value Added Industry and Mining,2030,percent,Statista Market Insights|World Bank,,,,,,,,,,,,20.42,27.31
Germany|France,Macroeconomic Indicators,Value Added Agriculture,2030,percent,Statista Market Insights|World Bank,,,,,,,,,,,,1.4,0.97
Germany|France,Macroeconomic Indicators,Value Added Services,2030,percent,Statista Market Insights|World Bank,,,,,,,,,,,,78.18,71.72
Germany|France,Macroeconomic Indicators,Value Added Industry and Mining,2031,percent,Statista Market Insights|World Bank,,,,,,,,,,,,20.54,27.21
Germany|France,Macroeconomic Indicators,Value Added Agriculture,2031,percent,Statista Market Insights|World Bank,,,,,,,,,,,,1.37,0.98
Germany|France,Macroeconomic Indicators,Value Added Services,2031,percent,Statista Market Insights|World Bank,,,,,,,,,,,,78.09,71.82
Germany,Macroeconomic Indicators,Economic Activity Index,Economic Activity Index,index,Statista Market Insights|OECD,97.82,96.69,92.76,93.06,94.3,95.14,96.16,97.96,99.05,100.06,101.11,,
France,Macroeconomic Indicators,Economic Activity Index,Economic Activity Index,index,Statista Market Insights|OECD,100.18,100.63,99.37,99.65,102.36,104.26,106.12,108.2,109.99,111.74,113.42,,
Germany,Macroeconomic Indicators,Economic Activity Index - Sectors,Economic Activity Industry excluding construction,index,Statista Market Insights|OECD,92.36,92.1,90.33,91.71,92.27,92.75,93.19,93.6,94,94.38,94.75,,
France,Macroeconomic Indicators,Economic Activity Index - Sectors,Economic Activity Industry excluding construction,index,Statista Market Insights|OECD,95.59,95.37,95.76,94.92,95.52,96.05,96.53,97,97.45,97.89,98.32,,
Germany,Macroeconomic Indicators,Economic Activity Index - Sectors,Economic Activity Energy Supply ,index,Statista Market Insights|OECD,89.32,87.19,75.06,71.42,73.16,74.63,75.99,77.28,78.52,79.73,80.91,,
France,Macroeconomic Indicators,Economic Activity Index - Sectors,Economic Activity Energy Supply ,index,Statista Market Insights|OECD,98.59,94.21,90.03,88.1,89.7,91.11,92.45,93.73,94.98,96.21,97.42,,
Germany,Macroeconomic Indicators,Economic Activity Index - Sectors,Economic Activity Manufacturing,index,Statista Market Insights|OECD,93.55,93.33,92.24,92.87,93.28,93.67,94.06,94.43,94.8,95.17,95.54,,
France,Macroeconomic Indicators,Economic Activity Index - Sectors,Economic Activity Manufacturing,index,Statista Market Insights|OECD,95.05,96.35,97.05,96.96,97.42,97.85,98.26,98.67,99.07,99.47,99.86,,
Germany,Macroeconomic Indicators,Economic Activity Index - Sectors,Economic Activity Retail excluding vehicles,index,Statista Market Insights|OECD,110.27,109.74,106.22,107.15,109.26,110.72,112.11,115.18,116.53,117.86,119.19,,
France,Macroeconomic Indicators,Economic Activity Index - Sectors,Economic Activity Retail excluding vehicles,index,Statista Market Insights|OECD,112.32,115.88,113.39,115.62,125.31,130.5,135.24,141.31,145.89,150.27,154.6,,
Germany,Macroeconomic Indicators,Economic Activity Index - Sectors,Economic Activity Construction,index,Statista Market Insights|OECD,103.6,101.06,99.95,102.18,103.53,103.92,105.48,109.29,111.4,113.18,115.17,,
France,Macroeconomic Indicators,Economic Activity Index - Sectors,Economic Activity Construction,index,Statista Market Insights|OECD,99.33,101.33,100.61,102.65,103.87,105.82,108.13,110.26,112.57,114.87,116.91,,
Germany,Macroeconomic Indicators,Price Level Index,Price Level Index,index,Statista Market Insights|World Bank,86.51,76.29,80.22,80.79,80.19,80.5,80.63,80.64,80.89,81.18,80.92,,
France,Macroeconomic Indicators,Price Level Index,Price Level Index,index,Statista Market Insights|World Bank,88.06,75.48,78.74,78.69,77.35,77.43,77.41,77.26,77.33,77.41,76.97,,
Germany,Macroeconomic Indicators,Government Revenue,Government Revenue,trillion EUR (€),Statista Market Insights|World Bank|IMF WEOD - International Monetary Fund World Economic Outlook Database,1.75,1.86,1.93,2.03,2.24,2.39,2.46,2.54,2.63,2.71,2.78,,
France,Macroeconomic Indicators,Government Revenue,Government Revenue,trillion EUR (€),Statista Market Insights|World Bank|IMF WEOD - International Monetary Fund World Economic Outlook Database,1.33,1.42,1.45,1.51,1.62,1.71,1.76,1.82,1.87,1.93,1.99,,
Germany,Macroeconomic Indicators,Government Revenue - Percentage Of GDP,Government Revenue - Percentage Of GDP,percent,Statista Market Insights|World Bank,47.5,46.7,45.65,46.77,47.92,48.04,47.92,47.94,48.06,48.16,48.14,,
France,Macroeconomic Indicators,Government Revenue - Percentage Of GDP,Government Revenue - Percentage Of GDP,percent,Statista Market Insights|World Bank,52.88,53.69,51.39,51.4,51.88,51.65,51.45,51.47,51.42,51.42,51.45,,
Germany,Macroeconomic Indicators,Government Expenditure,Government Expenditure,trillion EUR (€),Statista Market Insights|World Bank,1.87,1.94,2.03,2.15,2.36,2.55,2.67,2.76,2.86,2.94,3.01,,
France,Macroeconomic Indicators,Government Expenditure,Government Expenditure,trillion EUR (€),Statista Market Insights|World Bank,1.49,1.55,1.61,1.68,1.8,1.91,1.97,2.04,2.1,2.17,2.23,,
Germany,Macroeconomic Indicators,Government Expenditure - Percentage Of GDP,Government Expenditure - Percentage Of GDP,percent,Statista Market Insights|World Bank,50.67,48.61,48.15,49.43,50.44,51.41,51.95,51.99,52.11,52.21,52.14,,
France,Macroeconomic Indicators,Government Expenditure - Percentage Of GDP,Government Expenditure - Percentage Of GDP,percent,Statista Market Insights|World Bank,59.46,58.43,56.83,57.18,57.32,57.49,57.68,57.71,57.71,57.77,57.77,,
Germany|France,Macroeconomic Indicators,Defence,2021,percent,Statista Market Insights|IMF,,,,,,,,,,,,1.77,1.08
Germany|France,Macroeconomic Indicators,Housing,2021,percent,Statista Market Insights|IMF,,,,,,,,,,,,1.26,0.71
Germany|France,Macroeconomic Indicators,Social Protection,2021,percent,Statista Market Insights|IMF,,,,,,,,,,,,24.95,20.76
Germany|France,Macroeconomic Indicators,Recreation and Culture,2021,percent,Statista Market Insights|IMF,,,,,,,,,,,,1.41,1.06
Germany|France,Macroeconomic Indicators,Health,2021,percent,Statista Market Insights|IMF,,,,,,,,,,,,9.29,8.68
Germany|France,Macroeconomic Indicators,Economic Affairs,2021,percent,Statista Market Insights|IMF,,,,,,,,,,,,6.9,5.33
Germany|France,Macroeconomic Indicators,Education,2021,percent,Statista Market Insights|IMF,,,,,,,,,,,,5.3,4.59
Germany|France,Macroeconomic Indicators,Public Order,2021,percent,Statista Market Insights|IMF,,,,,,,,,,,,1.71,1.68
Germany|France,Macroeconomic Indicators,General Services,2021,percent,Statista Market Insights|IMF,,,,,,,,,,,,5.82,6.04
Germany|France,Macroeconomic Indicators,Environment,2021,percent,Statista Market Insights|IMF,,,,,,,,,,,,1.03,0.73
Germany|France,Macroeconomic Indicators,Defence,2022,percent,Statista Market Insights|IMF,,,,,,,,,,,,1.85,1
Germany|France,Macroeconomic Indicators,Housing,2022,percent,Statista Market Insights|IMF,,,,,,,,,,,,1.24,0.75
Germany|France,Macroeconomic Indicators,Social Protection,2022,percent,Statista Market Insights|IMF,,,,,,,,,,,,23.97,19.53
Germany|France,Macroeconomic Indicators,Recreation and Culture,2022,percent,Statista Market Insights|IMF,,,,,,,,,,,,1.44,1.02
Germany|France,Macroeconomic Indicators,Health,2022,percent,Statista Market Insights|IMF,,,,,,,,,,,,9.17,8.33
Germany|France,Macroeconomic Indicators,Economic Affairs,2022,percent,Statista Market Insights|IMF,,,,,,,,,,,,6.76,5.17
Germany|France,Macroeconomic Indicators,Education,2022,percent,Statista Market Insights|IMF,,,,,,,,,,,,5.26,4.43
Germany|France,Macroeconomic Indicators,Public Order,2022,percent,Statista Market Insights|IMF,,,,,,,,,,,,1.74,1.62
Germany|France,Macroeconomic Indicators,General Services,2022,percent,Statista Market Insights|IMF,,,,,,,,,,,,5.91,6.04
Germany|France,Macroeconomic Indicators,Environment,2022,percent,Statista Market Insights|IMF,,,,,,,,,,,,1.09,0.73
Germany|France,Macroeconomic Indicators,Defence,2023,percent,Statista Market Insights|IMF,,,,,,,,,,,,1.9,0.96
Germany|France,Macroeconomic Indicators,Housing,2023,percent,Statista Market Insights|IMF,,,,,,,,,,,,1.21,0.81
Germany|France,Macroeconomic Indicators,Social Protection,2023,percent,Statista Market Insights|IMF,,,,,,,,,,,,22.78,18.95
Germany|France,Macroeconomic Indicators,Recreation and Culture,2023,percent,Statista Market Insights|IMF,,,,,,,,,,,,1.46,1.02
Germany|France,Macroeconomic Indicators,Health,2023,percent,Statista Market Insights|IMF,,,,,,,,,,,,8.95,8.24
Germany|France,Macroeconomic Indicators,Economic Affairs,2023,percent,Statista Market Insights|IMF,,,,,,,,,,,,6.54,5.17
Germany|France,Macroeconomic Indicators,Education,2023,percent,Statista Market Insights|IMF,,,,,,,,,,,,5.17,4.4
Germany|France,Macroeconomic Indicators,Public Order,2023,percent,Statista Market Insights|IMF,,,,,,,,,,,,1.74,1.6
Germany|France,Macroeconomic Indicators,General Services,2023,percent,Statista Market Insights|IMF,,,,,,,,,,,,5.94,6.23
Germany|France,Macroeconomic Indicators,Environment,2023,percent,Statista Market Insights|IMF,,,,,,,,,,,,1.14,0.76
Germany|France,Macroeconomic Indicators,Defence,2024,percent,Statista Market Insights|IMF,,,,,,,,,,,,1.92,0.98
Germany|France,Macroeconomic Indicators,Housing,2024,percent,Statista Market Insights|IMF,,,,,,,,,,,,1.22,0.98
Germany|France,Macroeconomic Indicators,Social Protection,2024,percent,Statista Market Insights|IMF,,,,,,,,,,,,22.81,19.27
Germany|France,Macroeconomic Indicators,Recreation and Culture,2024,percent,Statista Market Insights|IMF,,,,,,,,,,,,1.46,1.04
Germany|France,Macroeconomic Indicators,Health,2024,percent,Statista Market Insights|IMF,,,,,,,,,,,,9.07,8.47
Germany|France,Macroeconomic Indicators,Economic Affairs,2024,percent,Statista Market Insights|IMF,,,,,,,,,,,,6.68,5.45
Germany|France,Macroeconomic Indicators,Education,2024,percent,Statista Market Insights|IMF,,,,,,,,,,,,5.17,4.48
Germany|France,Macroeconomic Indicators,Public Order,2024,percent,Statista Market Insights|IMF,,,,,,,,,,,,1.76,1.63
Germany|France,Macroeconomic Indicators,General Services,2024,percent,Statista Market Insights|IMF,,,,,,,,,,,,5.93,6.33
Germany|France,Macroeconomic Indicators,Environment,2024,percent,Statista Market Insights|IMF,,,,,,,,,,,,1.16,0.8
Germany|France,Macroeconomic Indicators,Defence,2025,percent,Statista Market Insights|IMF,,,,,,,,,,,,1.92,0.99
Germany|France,Macroeconomic Indicators,Housing,2025,percent,Statista Market Insights|IMF,,,,,,,,,,,,1.23,0.97
Germany|France,Macroeconomic Indicators,Social Protection,2025,percent,Statista Market Insights|IMF,,,,,,,,,,,,22.76,19.53
Germany|France,Macroeconomic Indicators,Recreation and Culture,2025,percent,Statista Market Insights|IMF,,,,,,,,,,,,1.46,1.05
Germany|France,Macroeconomic Indicators,Health,2025,percent,Statista Market Insights|IMF,,,,,,,,,,,,9.16,8.7
Germany|France,Macroeconomic Indicators,Economic Affairs,2025,percent,Statista Market Insights|IMF,,,,,,,,,,,,6.8,5.74
Germany|France,Macroeconomic Indicators,Education,2025,percent,Statista Market Insights|IMF,,,,,,,,,,,,5.16,4.56
Germany|France,Macroeconomic Indicators,Public Order,2025,percent,Statista Market Insights|IMF,,,,,,,,,,,,1.77,1.66
Germany|France,Macroeconomic Indicators,General Services,2025,percent,Statista Market Insights|IMF,,,,,,,,,,,,5.9,6.42
Germany|France,Macroeconomic Indicators,Environment,2025,percent,Statista Market Insights|IMF,,,,,,,,,,,,1.17,0.83
Germany|France,Macroeconomic Indicators,Defence,2026,percent,Statista Market Insights|IMF,,,,,,,,,,,,1.93,1
Germany|France,Macroeconomic Indicators,Housing,2026,percent,Statista Market Insights|IMF,,,,,,,,,,,,1.24,0.97
Germany|France,Macroeconomic Indicators,Social Protection,2026,percent,Statista Market Insights|IMF,,,,,,,,,,,,22.72,19.78
Germany|France,Macroeconomic Indicators,Recreation and Culture,2026,percent,Statista Market Insights|IMF,,,,,,,,,,,,1.46,1.06
Germany|France,Macroeconomic Indicators,Health,2026,percent,Statista Market Insights|IMF,,,,,,,,,,,,9.24,8.91
Germany|France,Macroeconomic Indicators,Economic Affairs,2026,percent,Statista Market Insights|IMF,,,,,,,,,,,,6.91,6.02
Germany|France,Macroeconomic Indicators,Education,2026,percent,Statista Market Insights|IMF,,,,,,,,,,,,5.14,4.63
Germany|France,Macroeconomic Indicators,Public Order,2026,percent,Statista Market Insights|IMF,,,,,,,,,,,,1.78,1.68
Germany|France,Macroeconomic Indicators,General Services,2026,percent,Statista Market Insights|IMF,,,,,,,,,,,,5.88,6.5
Germany|France,Macroeconomic Indicators,Environment,2026,percent,Statista Market Insights|IMF,,,,,,,,,,,,1.19,0.86
Germany|France,Macroeconomic Indicators,Defence,2027,percent,Statista Market Insights|IMF,,,,,,,,,,,,1.94,1
Germany|France,Macroeconomic Indicators,Housing,2027,percent,Statista Market Insights|IMF,,,,,,,,,,,,1.25,0.97
Germany|France,Macroeconomic Indicators,Social Protection,2027,percent,Statista Market Insights|IMF,,,,,,,,,,,,22.7,19.87
Germany|France,Macroeconomic Indicators,Recreation and Culture,2027,percent,Statista Market Insights|IMF,,,,,,,,,,,,1.46,1.06
Germany|France,Macroeconomic Indicators,Health,2027,percent,Statista Market Insights|IMF,,,,,,,,,,,,9.33,9.04
Germany|France,Macroeconomic Indicators,Economic Affairs,2027,percent,Statista Market Insights|IMF,,,,,,,,,,,,7.02,6.25
Germany|France,Macroeconomic Indicators,Education,2027,percent,Statista Market Insights|IMF,,,,,,,,,,,,5.14,4.66
Germany|France,Macroeconomic Indicators,Public Order,2027,percent,Statista Market Insights|IMF,,,,,,,,,,,,1.79,1.69
Germany|France,Macroeconomic Indicators,General Services,2027,percent,Statista Market Insights|IMF,,,,,,,,,,,,5.86,6.53
Germany|France,Macroeconomic Indicators,Environment,2027,percent,Statista Market Insights|IMF,,,,,,,,,,,,1.2,0.89
Germany|France,Macroeconomic Indicators,Defence,2028,percent,Statista Market Insights|IMF,,,,,,,,,,,,1.94,1
Germany|France,Macroeconomic Indicators,Housing,2028,percent,Statista Market Insights|IMF,,,,,,,,,,,,1.25,0.96
Germany|France,Macroeconomic Indicators,Social Protection,2028,percent,Statista Market Insights|IMF,,,,,,,,,,,,22.62,19.77
Germany|France,Macroeconomic Indicators,Recreation and Culture,2028,percent,Statista Market Insights|IMF,,,,,,,,,,,,1.46,1.05
Germany|France,Macroeconomic Indicators,Health,2028,percent,Statista Market Insights|IMF,,,,,,,,,,,,9.39,9.08
Germany|France,Macroeconomic Indicators,Economic Affairs,2028,percent,Statista Market Insights|IMF,,,,,,,,,,,,7.1,6.4
Germany|France,Macroeconomic Indicators,Education,2028,percent,Statista Market Insights|IMF,,,,,,,,,,,,5.11,4.64
Germany|France,Macroeconomic Indicators,Public Order,2028,percent,Statista Market Insights|IMF,,,,,,,,,,,,1.8,1.69
Germany|France,Macroeconomic Indicators,General Services,2028,percent,Statista Market Insights|IMF,,,,,,,,,,,,5.83,6.5
Germany|France,Macroeconomic Indicators,Environment,2028,percent,Statista Market Insights|IMF,,,,,,,,,,,,1.21,0.9
Germany|France,Macroeconomic Indicators,Defence,2029,percent,Statista Market Insights|IMF,,,,,,,,,,,,1.94,0.99
Germany|France,Macroeconomic Indicators,Housing,2029,percent,Statista Market Insights|IMF,,,,,,,,,,,,1.26,0.95
Germany|France,Macroeconomic Indicators,Social Protection,2029,percent,Statista Market Insights|IMF,,,,,,,,,,,,22.54,19.71
Germany|France,Macroeconomic Indicators,Recreation and Culture,2029,percent,Statista Market Insights|IMF,,,,,,,,,,,,1.46,1.05
Germany|France,Macroeconomic Indicators,Health,2029,percent,Statista Market Insights|IMF,,,,,,,,,,,,9.43,9.13
Germany|France,Macroeconomic Indicators,Economic Affairs,2029,percent,Statista Market Insights|IMF,,,,,,,,,,,,7.18,6.56
Germany|France,Macroeconomic Indicators,Education,2029,percent,Statista Market Insights|IMF,,,,,,,,,,,,5.09,4.64
Germany|France,Macroeconomic Indicators,Public Order,2029,percent,Statista Market Insights|IMF,,,,,,,,,,,,1.8,1.68
Germany|France,Macroeconomic Indicators,General Services,2029,percent,Statista Market Insights|IMF,,,,,,,,,,,,5.8,6.48
Germany|France,Macroeconomic Indicators,Environment,2029,percent,Statista Market Insights|IMF,,,,,,,,,,,,1.22,0.92
Germany|France,Macroeconomic Indicators,Defence,2030,percent,Statista Market Insights|IMF,,,,,,,,,,,,1.95,0.99
Germany|France,Macroeconomic Indicators,Housing,2030,percent,Statista Market Insights|IMF,,,,,,,,,,,,1.26,0.94
Germany|France,Macroeconomic Indicators,Social Protection,2030,percent,Statista Market Insights|IMF,,,,,,,,,,,,22.49,19.66
Germany|France,Macroeconomic Indicators,Recreation and Culture,2030,percent,Statista Market Insights|IMF,,,,,,,,,,,,1.45,1.04
Germany|France,Macroeconomic Indicators,Health,2030,percent,Statista Market Insights|IMF,,,,,,,,,,,,9.48,9.18
Germany|France,Macroeconomic Indicators,Economic Affairs,2030,percent,Statista Market Insights|IMF,,,,,,,,,,,,7.25,6.7
Germany|France,Macroeconomic Indicators,Education,2030,percent,Statista Market Insights|IMF,,,,,,,,,,,,5.08,4.63
Germany|France,Macroeconomic Indicators,Public Order,2030,percent,Statista Market Insights|IMF,,,,,,,,,,,,1.81,1.68
Germany|France,Macroeconomic Indicators,General Services,2030,percent,Statista Market Insights|IMF,,,,,,,,,,,,5.78,6.47
Germany|France,Macroeconomic Indicators,Environment,2030,percent,Statista Market Insights|IMF,,,,,,,,,,,,1.22,0.93
Germany|France,Macroeconomic Indicators,Defence,2031,percent,Statista Market Insights|IMF,,,,,,,,,,,,1.95,0.98
Germany|France,Macroeconomic Indicators,Housing,2031,percent,Statista Market Insights|IMF,,,,,,,,,,,,1.26,0.93
Germany|France,Macroeconomic Indicators,Social Protection,2031,percent,Statista Market Insights|IMF,,,,,,,,,,,,22.42,19.55
Germany|France,Macroeconomic Indicators,Recreation and Culture,2031,percent,Statista Market Insights|IMF,,,,,,,,,,,,1.45,1.03
Germany|France,Macroeconomic Indicators,Health,2031,percent,Statista Market Insights|IMF,,,,,,,,,,,,9.52,9.19
Germany|France,Macroeconomic Indicators,Economic Affairs,2031,percent,Statista Market Insights|IMF,,,,,,,,,,,,7.31,6.81
Germany|France,Macroeconomic Indicators,Education,2031,percent,Statista Market Insights|IMF,,,,,,,,,,,,5.06,4.61
Germany|France,Macroeconomic Indicators,Public Order,2031,percent,Statista Market Insights|IMF,,,,,,,,,,,,1.81,1.67
Germany|France,Macroeconomic Indicators,General Services,2031,percent,Statista Market Insights|IMF,,,,,,,,,,,,5.75,6.43
Germany|France,Macroeconomic Indicators,Environment,2031,percent,Statista Market Insights|IMF,,,,,,,,,,,,1.23,0.94
Germany,Macroeconomic Indicators,Government Expenditure Allocation,Social Protection,billion EUR (€),Statista Market Insights|IMF,763.97,785.63,822.88,849.08,887.62,910.58,933.41,955.07,975.91,992.25,"1,007.52",,
France,Macroeconomic Indicators,Government Expenditure Allocation,Social Protection,billion EUR (€),Statista Market Insights|IMF,625.02,651.91,676.83,709.07,735.63,761.23,786.61,812.39,840.42,863.67,886.06,,
Germany,Macroeconomic Indicators,Government Expenditure Allocation,Environment,billion EUR (€),Statista Market Insights|IMF,26.84,22.93,24.28,25.77,27.51,28.63,30.01,31.4,32.86,33.61,34.87,,
France,Macroeconomic Indicators,Government Expenditure Allocation,Environment,billion EUR (€),Statista Market Insights|IMF,26.34,27.35,28.22,29.73,30.89,32.01,33.02,34.45,35.61,36.55,37.84,,
Germany,Macroeconomic Indicators,Government Expenditure Allocation,General Services,billion EUR (€),Statista Market Insights|IMF,222.43,242.77,254.48,264.25,278.76,288.26,298.18,308.4,318.18,326.48,334.57,,
France,Macroeconomic Indicators,Government Expenditure Allocation,General Services,billion EUR (€),Statista Market Insights|IMF,146.47,151.36,153.54,157.18,159.36,161.63,163.47,165.18,167.6,168.79,169.72,,
Germany,Macroeconomic Indicators,Government Expenditure Allocation,Public Order,billion EUR (€),Statista Market Insights|IMF,61.76,65.24,68.22,70.76,74.73,77.31,79.71,82.04,84.5,86.42,88.82,,
France,Macroeconomic Indicators,Government Expenditure Allocation,Public Order,billion EUR (€),Statista Market Insights|IMF,43.14,44.61,46.29,48.27,50.16,51.97,53.62,55.4,57.26,58.77,60.25,,
Germany,Macroeconomic Indicators,Government Expenditure Allocation,Defence,billion EUR (€),Statista Market Insights|IMF,39.71,40.33,42.27,44.11,46.31,48.2,49.7,51.15,52.68,53.88,55.04,,
France,Macroeconomic Indicators,Government Expenditure Allocation,Defence,billion EUR (€),Statista Market Insights|IMF,44.39,46.2,47.7,49.74,51.39,52.61,53.94,55.4,56.91,58.41,59.51,,
Germany,Macroeconomic Indicators,Government Expenditure Allocation,Economic Affairs,billion EUR (€),Statista Market Insights|IMF,195.96,207.97,215.14,223.19,234.74,241.96,248.48,254.72,260.28,264.6,268.64,,
France,Macroeconomic Indicators,Government Expenditure Allocation,Economic Affairs,billion EUR (€),Statista Market Insights|IMF,173.56,180.04,189.95,202.21,213.81,225.01,236.7,248.61,261.52,273.08,284.33,,
Germany,Macroeconomic Indicators,Government Expenditure Allocation,Education,billion EUR (€),Statista Market Insights|IMF,169.12,177.92,186.26,193.05,202.65,209.03,215.52,221.8,227.94,233.12,237.58,,
France,Macroeconomic Indicators,Government Expenditure Allocation,Education,billion EUR (€),Statista Market Insights|IMF,132.43,137.82,141.97,147.46,151.71,155.6,159.55,163.49,167.6,170.94,174.13,,
Germany,Macroeconomic Indicators,Government Expenditure Allocation,Housing,billion EUR (€),Statista Market Insights|IMF,26.1,18.58,21.35,23.59,25.67,27.2,29.03,30.89,32.34,34.14,35.42,,
France,Macroeconomic Indicators,Government Expenditure Allocation,Housing,billion EUR (€),Statista Market Insights|IMF,31.6,33.19,34.72,37.09,38.85,40.88,42.83,44.93,47.14,49.45,51.43,,
Germany,Macroeconomic Indicators,Government Expenditure Allocation,Health,billion EUR (€),Statista Market Insights|IMF,319.48,334.89,347.4,366.01,390.62,409,428.08,447.15,466.31,483.32,500.22,,
France,Macroeconomic Indicators,Government Expenditure Allocation,Health,billion EUR (€),Statista Market Insights|IMF,232.75,241.38,251.76,264.91,275.59,285.22,294.9,303.67,313.2,320.74,327.31,,
Germany,Macroeconomic Indicators,Government Expenditure Allocation,Recreation and Culture,billion EUR (€),Statista Market Insights|IMF,38.97,41.12,43.11,44.11,46.31,47.72,48.71,49.63,51.12,51.75,52.86,,
France,Macroeconomic Indicators,Government Expenditure Allocation,Recreation and Culture,billion EUR (€),Statista Market Insights|IMF,35.62,36.91,37.82,39.15,40.07,40.88,41.52,42.56,43.3,44.08,44.82,,
Germany,Macroeconomic Indicators,Government Expenditure Allocation - Per Capita,Housing,EUR (€),Statista Market Insights|IMF,312.37,355.83,404.22,503.46,538.85,576.27,597.03,612.03,627.24,640.03,650.53,,
France,Macroeconomic Indicators,Government Expenditure Allocation - Per Capita,Housing,EUR (€),Statista Market Insights|IMF,478.21,496.54,515.44,537.36,577.91,616.56,639.52,658.91,685.35,705.53,723.59,,
Germany,Macroeconomic Indicators,Government Expenditure Allocation - Per Capita,Recreation and Culture,EUR (€),Statista Market Insights|IMF,466.36,483.93,509.02,534.28,583.29,629.74,652.43,669.4,693.26,708.12,720.48,,
France,Macroeconomic Indicators,Government Expenditure Allocation - Per Capita,Recreation and Culture,EUR (€),Statista Market Insights|IMF,535.14,576.63,621.94,643.07,685.97,725.95,746.96,769.6,794.14,811.91,832.71,,
Germany,Macroeconomic Indicators,Government Expenditure Allocation - Per Capita,Education,thousand EUR (€),Statista Market Insights|IMF,2.02,2.1,2.2,2.3,2.53,2.75,2.87,2.96,3.06,3.15,3.22,,
France,Macroeconomic Indicators,Government Expenditure Allocation - Per Capita,Education,thousand EUR (€),Statista Market Insights|IMF,2.01,2.11,2.2,2.28,2.42,2.56,2.63,2.69,2.77,2.84,2.91,,
Germany,Macroeconomic Indicators,Government Expenditure Allocation - Per Capita,Environment,EUR (€),Statista Market Insights|IMF,321.17,346.34,379.27,410.99,461.08,510.92,547.79,573.77,607.43,633.22,657.53,,
France,Macroeconomic Indicators,Government Expenditure Allocation - Per Capita,Environment,EUR (€),Statista Market Insights|IMF,390.92,436.48,485.62,510.93,549.71,591.7,613.94,637.82,663.59,683.13,706.37,,
Germany,Macroeconomic Indicators,Government Expenditure Allocation - Per Capita,Social Protection,thousand EUR (€),Statista Market Insights|IMF,9.13,9.27,9.46,9.9,10.85,11.75,12.23,12.6,13.01,13.39,13.68,,
France,Macroeconomic Indicators,Government Expenditure Allocation - Per Capita,Social Protection,thousand EUR (€),Statista Market Insights|IMF,9.47,9.6,9.7,10.05,10.69,11.3,11.61,11.92,12.26,12.59,12.88,,
Germany,Macroeconomic Indicators,Government Expenditure Allocation - Per Capita,Public Order,EUR (€),Statista Market Insights|IMF,739.13,768.59,798.47,837.39,922.16,998.07,"1,040.19","1,077.42","1,109.22","1,143.89","1,168.16",,
France,Macroeconomic Indicators,Government Expenditure Allocation - Per Capita,Public Order,EUR (€),Statista Market Insights|IMF,649.01,696.76,741.22,775.2,831.62,885.07,915.8,948.82,979.07,"1,013.49","1,039.45",,
Germany,Macroeconomic Indicators,Government Expenditure Allocation - Per Capita,Defence,EUR (€),Statista Market Insights|IMF,475.16,474.44,479.08,503.46,549.96,594.09,615.5,637.53,653.65,674.08,685.51,,
France,Macroeconomic Indicators,Government Expenditure Allocation - Per Capita,Defence,EUR (€),Statista Market Insights|IMF,671.78,740.81,809.37,845.68,902.1,959.65,992.54,"1,022.62","1,055.22","1,091.88","1,119.85",,
Germany,Macroeconomic Indicators,Government Expenditure Allocation - Per Capita,Economic Affairs,thousand EUR (€),Statista Market Insights|IMF,2.34,2.45,2.58,2.8,3.19,3.58,3.85,4.08,4.33,4.56,4.76,,
France,Macroeconomic Indicators,Government Expenditure Allocation - Per Capita,Economic Affairs,thousand EUR (€),Statista Market Insights|IMF,2.62,2.71,2.79,2.94,3.19,3.44,3.59,3.74,3.91,4.06,4.2,,
Germany,Macroeconomic Indicators,Government Expenditure Allocation - Per Capita,Health,thousand EUR (€),Statista Market Insights|IMF,3.82,3.95,4.11,4.35,4.83,5.29,5.56,5.79,6.03,6.25,6.43,,
France,Macroeconomic Indicators,Government Expenditure Allocation - Per Capita,Health,thousand EUR (€),Statista Market Insights|IMF,3.53,3.67,3.81,3.99,4.3,4.59,4.77,4.95,5.13,5.31,5.47,,
Germany,Macroeconomic Indicators,Government Expenditure Allocation - Per Capita,General Services,thousand EUR (€),Statista Market Insights|IMF,2.66,2.87,3.11,3.25,3.57,3.86,4.02,4.14,4.28,4.41,4.5,,
France,Macroeconomic Indicators,Government Expenditure Allocation - Per Capita,General Services,thousand EUR (€),Statista Market Insights|IMF,2.21,2.37,2.53,2.61,2.77,2.92,3,3.07,3.15,3.24,3.3,,
Germany,Macroeconomic Indicators,Government Gross Debt,Government Gross Debt,trillion EUR (€),Statista Market Insights|World Bank|IMF WEOD - International Monetary Fund World Economic Outlook Database,2.5,2.57,2.63,2.76,3.01,3.28,3.48,3.7,3.92,4.15,4.24,,
France,Macroeconomic Indicators,Government Gross Debt,Government Gross Debt,trillion EUR (€),Statista Market Insights|World Bank|IMF WEOD - International Monetary Fund World Economic Outlook Database,2.83,2.96,3.1,3.32,3.65,3.97,4.18,4.39,4.63,4.86,4.99,,
Germany,Macroeconomic Indicators,Government Gross Debt - Percentage Of GDP,Government Gross Debt - Percentage Of GDP,percent,Statista Market Insights|World Bank,67.99,64.44,62.38,63.47,64.42,66,67.82,69.65,71.56,73.58,73.47,,
France,Macroeconomic Indicators,Government Gross Debt - Percentage Of GDP,Government Gross Debt - Percentage Of GDP,percent,Statista Market Insights|World Bank,112.79,111.37,109.62,113.15,116.51,119.56,122.13,124.55,126.97,129.43,129.22,,
Germany,Macroeconomic Indicators,Consumer Price Index,Consumer Price Index,index,Statista Market Insights|IMF,107.03,116.3,123.32,126.39,129.06,131.33,133.97,136.77,139.74,142.78,145.74,,
France,Macroeconomic Indicators,Consumer Price Index,Consumer Price Index,index,Statista Market Insights|IMF,106.12,112.38,118.75,121.5,122.89,124.76,127.17,129.54,132.04,134.6,137.09,,
Germany,Macroeconomic Indicators,GDP Deflator,GDP Deflator,index,Statista Market Insights|IMF,108.6,115.56,123.3,127.13,130.1,132.57,135.17,138.08,141.07,144.21,147.25,,
France,Macroeconomic Indicators,GDP Deflator,GDP Deflator,index,Statista Market Insights|IMF,106.94,110.08,115.52,117.93,119.34,121.16,123.52,125.91,128.35,130.82,133.2,,
Germany,Macroeconomic Indicators,House Price Index ,House Price Index ,index,Statista Market Insights|OECD,1.31,1.41,1.52,1.62,1.69,1.74,1.82,1.89,1.94,2.02,2.09,,
France,Macroeconomic Indicators,House Price Index ,House Price Index ,index,Statista Market Insights|OECD,1.2,1.27,1.35,1.39,1.44,1.49,1.54,1.6,1.67,1.72,1.8,,
Germany,Macroeconomic Indicators,Rent Price Index ,Rent Price Index ,index,Statista Market Insights|OECD,1.06,1.08,1.1,1.13,1.16,1.18,1.2,1.22,1.24,1.27,1.3,,
France,Macroeconomic Indicators,Rent Price Index ,Rent Price Index ,index,Statista Market Insights|OECD,1.01,1.02,1.04,1.06,1.08,1.09,1.11,1.13,1.15,1.17,1.19,,
Germany|France,Macroeconomic Indicators,Plastic goods,2021,percent,Statista Market Insights|UN Comtrade - United Nations Comtrade,,,,,,,,,,,,4.39,4.51
Germany|France,Macroeconomic Indicators,Mineral fuels and oils,2021,percent,Statista Market Insights|UN Comtrade - United Nations Comtrade,,,,,,,,,,,,3.4,0
Germany|France,Macroeconomic Indicators,Others,2021,percent,Statista Market Insights|UN Comtrade - United Nations Comtrade,,,,,,,,,,,,39.35,40.61
Germany|France,Macroeconomic Indicators,Vehicles,2021,percent,Statista Market Insights|UN Comtrade - United Nations Comtrade,,,,,,,,,,,,8.75,15.11
Germany|France,Macroeconomic Indicators,Medical instruments,2021,percent,Statista Market Insights|UN Comtrade - United Nations Comtrade,,,,,,,,,,,,2.97,5.14
Germany|France,Macroeconomic Indicators,Electromechanical devices,2021,percent,Statista Market Insights|UN Comtrade - United Nations Comtrade,,,,,,,,,,,,7.72,10.85
Germany|France,Macroeconomic Indicators,Mechanical machinery,2021,percent,Statista Market Insights|UN Comtrade - United Nations Comtrade,,,,,,,,,,,,10.75,16.49
Germany|France,Macroeconomic Indicators,Pharmaceuticals,2021,percent,Statista Market Insights|UN Comtrade - United Nations Comtrade,,,,,,,,,,,,6.67,7.29
Germany|France,Macroeconomic Indicators,Essential oils and cosmetics,2021,percent,Statista Market Insights|UN Comtrade - United Nations Comtrade,,,,,,,,,,,,3.77,
Germany|France,Macroeconomic Indicators,Aircrafts,2021,percent,Statista Market Insights|UN Comtrade - United Nations Comtrade,,,,,,,,,,,,5.27,
Germany|France,Macroeconomic Indicators,Iron and steel,2021,percent,Statista Market Insights|UN Comtrade - United Nations Comtrade,,,,,,,,,,,,3.09,
Germany|France,Macroeconomic Indicators,"Beverages, spirits and vinegar",2021,percent,Statista Market Insights|UN Comtrade - United Nations Comtrade,,,,,,,,,,,,3.86,
Germany|France,Macroeconomic Indicators,Plastic goods,2022,percent,Statista Market Insights|UN Comtrade - United Nations Comtrade,,,,,,,,,,,,4.11,4.36
Germany|France,Macroeconomic Indicators,Mineral fuels and oils,2022,percent,Statista Market Insights|UN Comtrade - United Nations Comtrade,,,,,,,,,,,,5.59,3.65
Germany|France,Macroeconomic Indicators,Others,2022,percent,Statista Market Insights|UN Comtrade - United Nations Comtrade,,,,,,,,,,,,42.33,38.22
Germany|France,Macroeconomic Indicators,Vehicles,2022,percent,Statista Market Insights|UN Comtrade - United Nations Comtrade,,,,,,,,,,,,8.11,15.52
Germany|France,Macroeconomic Indicators,Medical instruments,2022,percent,Statista Market Insights|UN Comtrade - United Nations Comtrade,,,,,,,,,,,,0,4.74
Germany|France,Macroeconomic Indicators,Electromechanical devices,2022,percent,Statista Market Insights|UN Comtrade - United Nations Comtrade,,,,,,,,,,,,7.63,10.73
Germany|France,Macroeconomic Indicators,Mechanical machinery,2022,percent,Statista Market Insights|UN Comtrade - United Nations Comtrade,,,,,,,,,,,,10.45,15.26
Germany|France,Macroeconomic Indicators,Pharmaceuticals,2022,percent,Statista Market Insights|UN Comtrade - United Nations Comtrade,,,,,,,,,,,,6.07,7.51
Germany|France,Macroeconomic Indicators,Essential oils and cosmetics,2022,percent,Statista Market Insights|UN Comtrade - United Nations Comtrade,,,,,,,,,,,,3.7,
Germany|France,Macroeconomic Indicators,Aircrafts,2022,percent,Statista Market Insights|UN Comtrade - United Nations Comtrade,,,,,,,,,,,,5.26,
Germany|France,Macroeconomic Indicators,Iron and steel,2022,percent,Statista Market Insights|UN Comtrade - United Nations Comtrade,,,,,,,,,,,,3.11,
Germany|France,Macroeconomic Indicators,"Beverages, spirits and vinegar",2022,percent,Statista Market Insights|UN Comtrade - United Nations Comtrade,,,,,,,,,,,,3.64,
Germany|France,Macroeconomic Indicators,Plastic goods,2023,percent,Statista Market Insights|UN Comtrade - United Nations Comtrade,,,,,,,,,,,,3.62,3.93
Germany|France,Macroeconomic Indicators,Mineral fuels and oils,2023,percent,Statista Market Insights|UN Comtrade - United Nations Comtrade,,,,,,,,,,,,5.22,0
Germany|France,Macroeconomic Indicators,Others,2023,percent,Statista Market Insights|UN Comtrade - United Nations Comtrade,,,,,,,,,,,,40.86,39.2
Germany|France,Macroeconomic Indicators,Vehicles,2023,percent,Statista Market Insights|UN Comtrade - United Nations Comtrade,,,,,,,,,,,,9.43,17.39
Germany|France,Macroeconomic Indicators,Medical instruments,2023,percent,Statista Market Insights|UN Comtrade - United Nations Comtrade,,,,,,,,,,,,2.82,4.96
Germany|France,Macroeconomic Indicators,Electromechanical devices,2023,percent,Statista Market Insights|UN Comtrade - United Nations Comtrade,,,,,,,,,,,,7.76,11.27
Germany|France,Macroeconomic Indicators,Mechanical machinery,2023,percent,Statista Market Insights|UN Comtrade - United Nations Comtrade,,,,,,,,,,,,11.24,16.13
Germany|France,Macroeconomic Indicators,Pharmaceuticals,2023,percent,Statista Market Insights|UN Comtrade - United Nations Comtrade,,,,,,,,,,,,5.83,7.13
Germany|France,Macroeconomic Indicators,Essential oils and cosmetics,2023,percent,Statista Market Insights|UN Comtrade - United Nations Comtrade,,,,,,,,,,,,3.93,
Germany|France,Macroeconomic Indicators,Aircrafts,2023,percent,Statista Market Insights|UN Comtrade - United Nations Comtrade,,,,,,,,,,,,5.89,
Germany|France,Macroeconomic Indicators,Iron and steel,2023,percent,Statista Market Insights|UN Comtrade - United Nations Comtrade,,,,,,,,,,,,0,
Germany|France,Macroeconomic Indicators,"Beverages, spirits and vinegar",2023,percent,Statista Market Insights|UN Comtrade - United Nations Comtrade,,,,,,,,,,,,3.4,
Germany,Macroeconomic Indicators,Plastic goods,2024,percent,Statista Market Insights|UN Comtrade - United Nations Comtrade,,,,,,,,,,,,,3.91
Germany,Macroeconomic Indicators,Mineral fuels and oils,2024,percent,Statista Market Insights|UN Comtrade - United Nations Comtrade,,,,,,,,,,,,,0
Germany,Macroeconomic Indicators,Others,2024,percent,Statista Market Insights|UN Comtrade - United Nations Comtrade,,,,,,,,,,,,,39.92
Germany,Macroeconomic Indicators,Vehicles,2024,percent,Statista Market Insights|UN Comtrade - United Nations Comtrade,,,,,,,,,,,,,16.68
Germany,Macroeconomic Indicators,Medical instruments,2024,percent,Statista Market Insights|UN Comtrade - United Nations Comtrade,,,,,,,,,,,,,5.15
Germany,Macroeconomic Indicators,Electromechanical devices,2024,percent,Statista Market Insights|UN Comtrade - United Nations Comtrade,,,,,,,,,,,,,10.75
Germany,Macroeconomic Indicators,Mechanical machinery,2024,percent,Statista Market Insights|UN Comtrade - United Nations Comtrade,,,,,,,,,,,,,16.1
Germany,Macroeconomic Indicators,Pharmaceuticals,2024,percent,Statista Market Insights|UN Comtrade - United Nations Comtrade,,,,,,,,,,,,,7.51
Germany|France,Macroeconomic Indicators,Plastic goods,2021,percent,Statista Market Insights|UN Comtrade - United Nations Comtrade,,,,,,,,,,,,4.19,3.87
Germany|France,Macroeconomic Indicators,Organic chemicals,2021,percent,Statista Market Insights|UN Comtrade - United Nations Comtrade,,,,,,,,,,,,,2.85
Germany|France,Macroeconomic Indicators,Electromechanical devices,2021,percent,Statista Market Insights|UN Comtrade - United Nations Comtrade,,,,,,,,,,,,9.06,12.73
Germany|France,Macroeconomic Indicators,Pharmaceuticals,2021,percent,Statista Market Insights|UN Comtrade - United Nations Comtrade,,,,,,,,,,,,4.75,5.66
Germany|France,Macroeconomic Indicators,Medical instruments,2021,percent,Statista Market Insights|UN Comtrade - United Nations Comtrade,,,,,,,,,,,,3.3,3.45
Germany|France,Macroeconomic Indicators,Mechanical machinery,2021,percent,Statista Market Insights|UN Comtrade - United Nations Comtrade,,,,,,,,,,,,11.94,12.46
Germany|France,Macroeconomic Indicators,Mineral fuels and oils,2021,percent,Statista Market Insights|UN Comtrade - United Nations Comtrade,,,,,,,,,,,,10.15,8.99
Germany|France,Macroeconomic Indicators,Vehicles,2021,percent,Statista Market Insights|UN Comtrade - United Nations Comtrade,,,,,,,,,,,,10.68,9.53
Germany|France,Macroeconomic Indicators,Others,2021,percent,Statista Market Insights|UN Comtrade - United Nations Comtrade,,,,,,,,,,,,45.93,40.47
Germany|France,Macroeconomic Indicators,Plastic goods,2022,percent,Statista Market Insights|UN Comtrade - United Nations Comtrade,,,,,,,,,,,,3.78,3.6
Germany|France,Macroeconomic Indicators,Organic chemicals,2022,percent,Statista Market Insights|UN Comtrade - United Nations Comtrade,,,,,,,,,,,,,4.22
Germany|France,Macroeconomic Indicators,Electromechanical devices,2022,percent,Statista Market Insights|UN Comtrade - United Nations Comtrade,,,,,,,,,,,,8.18,13
Germany|France,Macroeconomic Indicators,Pharmaceuticals,2022,percent,Statista Market Insights|UN Comtrade - United Nations Comtrade,,,,,,,,,,,,3.95,5.15
Germany|France,Macroeconomic Indicators,Medical instruments,2022,percent,Statista Market Insights|UN Comtrade - United Nations Comtrade,,,,,,,,,,,,2.78,2.98
Germany|France,Macroeconomic Indicators,Mechanical machinery,2022,percent,Statista Market Insights|UN Comtrade - United Nations Comtrade,,,,,,,,,,,,10.47,11.11
Germany|France,Macroeconomic Indicators,Mineral fuels and oils,2022,percent,Statista Market Insights|UN Comtrade - United Nations Comtrade,,,,,,,,,,,,18.83,13
Germany|France,Macroeconomic Indicators,Vehicles,2022,percent,Statista Market Insights|UN Comtrade - United Nations Comtrade,,,,,,,,,,,,8.97,8.79
Germany|France,Macroeconomic Indicators,Others,2022,percent,Statista Market Insights|UN Comtrade - United Nations Comtrade,,,,,,,,,,,,43.04,38.16
Germany|France,Macroeconomic Indicators,Plastic goods,2023,percent,Statista Market Insights|UN Comtrade - United Nations Comtrade,,,,,,,,,,,,3.55,3.39
Germany|France,Macroeconomic Indicators,Organic chemicals,2023,percent,Statista Market Insights|UN Comtrade - United Nations Comtrade,,,,,,,,,,,,,3.08
Germany|France,Macroeconomic Indicators,Electromechanical devices,2023,percent,Statista Market Insights|UN Comtrade - United Nations Comtrade,,,,,,,,,,,,8.9,15.12
Germany|France,Macroeconomic Indicators,Pharmaceuticals,2023,percent,Statista Market Insights|UN Comtrade - United Nations Comtrade,,,,,,,,,,,,4.65,5.09
Germany|France,Macroeconomic Indicators,Medical instruments,2023,percent,Statista Market Insights|UN Comtrade - United Nations Comtrade,,,,,,,,,,,,2.99,3.35
Germany|France,Macroeconomic Indicators,Mechanical machinery,2023,percent,Statista Market Insights|UN Comtrade - United Nations Comtrade,,,,,,,,,,,,11.47,12.03
Germany|France,Macroeconomic Indicators,Mineral fuels and oils,2023,percent,Statista Market Insights|UN Comtrade - United Nations Comtrade,,,,,,,,,,,,13.46,9.07
Germany|France,Macroeconomic Indicators,Vehicles,2023,percent,Statista Market Insights|UN Comtrade - United Nations Comtrade,,,,,,,,,,,,11.22,10.84
Germany|France,Macroeconomic Indicators,Others,2023,percent,Statista Market Insights|UN Comtrade - United Nations Comtrade,,,,,,,,,,,,43.76,38.04
Germany,Macroeconomic Indicators,Plastic goods,2024,percent,Statista Market Insights|UN Comtrade - United Nations Comtrade,,,,,,,,,,,,,3.43
Germany,Macroeconomic Indicators,Organic chemicals,2024,percent,Statista Market Insights|UN Comtrade - United Nations Comtrade,,,,,,,,,,,,,2.85
Germany,Macroeconomic Indicators,Electromechanical devices,2024,percent,Statista Market Insights|UN Comtrade - United Nations Comtrade,,,,,,,,,,,,,14.61
Germany,Macroeconomic Indicators,Pharmaceuticals,2024,percent,Statista Market Insights|UN Comtrade - United Nations Comtrade,,,,,,,,,,,,,5.55
Germany,Macroeconomic Indicators,Medical instruments,2024,percent,Statista Market Insights|UN Comtrade - United Nations Comtrade,,,,,,,,,,,,,3.5
Germany,Macroeconomic Indicators,Mechanical machinery,2024,percent,Statista Market Insights|UN Comtrade - United Nations Comtrade,,,,,,,,,,,,,12.18
Germany,Macroeconomic Indicators,Mineral fuels and oils,2024,percent,Statista Market Insights|UN Comtrade - United Nations Comtrade,,,,,,,,,,,,,8.34
Germany,Macroeconomic Indicators,Vehicles,2024,percent,Statista Market Insights|UN Comtrade - United Nations Comtrade,,,,,,,,,,,,,10.12
Germany,Macroeconomic Indicators,Others,2024,percent,Statista Market Insights|UN Comtrade - United Nations Comtrade,,,,,,,,,,,,,39.43
Germany|France,Macroeconomic Indicators,Italy,2021,percent,Statista Market Insights|UN Comtrade - United Nations Comtrade,,,,,,,,,,,,7.94,5.43
Germany|France,Macroeconomic Indicators,Austria,2021,percent,Statista Market Insights|UN Comtrade - United Nations Comtrade,,,,,,,,,,,,,4.98
Germany|France,Macroeconomic Indicators,Others,2021,percent,Statista Market Insights|UN Comtrade - United Nations Comtrade,,,,,,,,,,,,38,34.05
Germany|France,Macroeconomic Indicators,China,2021,percent,Statista Market Insights|UN Comtrade - United Nations Comtrade,,,,,,,,,,,,4.85,7.56
Germany|France,Macroeconomic Indicators,Belgium,2021,percent,Statista Market Insights|UN Comtrade - United Nations Comtrade,,,,,,,,,,,,7.64,3.7
Germany|France,Macroeconomic Indicators,United States,2021,percent,Statista Market Insights|UN Comtrade - United Nations Comtrade,,,,,,,,,,,,7.04,8.84
Germany|France,Macroeconomic Indicators,Spain,2021,percent,Statista Market Insights|UN Comtrade - United Nations Comtrade,,,,,,,,,,,,7.43,3.17
Germany|France,Macroeconomic Indicators,Poland,2021,percent,Statista Market Insights|UN Comtrade - United Nations Comtrade,,,,,,,,,,,,,5.64
Germany|France,Macroeconomic Indicators,United Kingdom,2021,percent,Statista Market Insights|UN Comtrade - United Nations Comtrade,,,,,,,,,,,,5.7,4.73
Germany|France,Macroeconomic Indicators,Czechia,2021,percent,Statista Market Insights|UN Comtrade - United Nations Comtrade,,,,,,,,,,,,,3.34
Germany|France,Macroeconomic Indicators,Netherlands,2021,percent,Statista Market Insights|UN Comtrade - United Nations Comtrade,,,,,,,,,,,,4.04,6.66
Germany|France,Macroeconomic Indicators,Switzerland,2021,percent,Statista Market Insights|UN Comtrade - United Nations Comtrade,,,,,,,,,,,,3.44,4.51
France,Macroeconomic Indicators,France,2021,percent,Statista Market Insights|UN Comtrade - United Nations Comtrade,,,,,,,,,,,,,7.4
Germany,Macroeconomic Indicators,Germany,2021,percent,Statista Market Insights|UN Comtrade - United Nations Comtrade,,,,,,,,,,,,13.93,
Germany|France,Macroeconomic Indicators,Italy,2022,percent,Statista Market Insights|UN Comtrade - United Nations Comtrade,,,,,,,,,,,,9.16,5.56
Germany|France,Macroeconomic Indicators,Austria,2022,percent,Statista Market Insights|UN Comtrade - United Nations Comtrade,,,,,,,,,,,,,5.23
Germany|France,Macroeconomic Indicators,Others,2022,percent,Statista Market Insights|UN Comtrade - United Nations Comtrade,,,,,,,,,,,,36.38,33.05
Germany|France,Macroeconomic Indicators,China,2022,percent,Statista Market Insights|UN Comtrade - United Nations Comtrade,,,,,,,,,,,,4.04,6.72
Germany|France,Macroeconomic Indicators,Belgium,2022,percent,Statista Market Insights|UN Comtrade - United Nations Comtrade,,,,,,,,,,,,7.88,3.92
Germany|France,Macroeconomic Indicators,United States,2022,percent,Statista Market Insights|UN Comtrade - United Nations Comtrade,,,,,,,,,,,,7.94,9.82
Germany|France,Macroeconomic Indicators,Spain,2022,percent,Statista Market Insights|UN Comtrade - United Nations Comtrade,,,,,,,,,,,,7.55,3.12
Germany|France,Macroeconomic Indicators,Poland,2022,percent,Statista Market Insights|UN Comtrade - United Nations Comtrade,,,,,,,,,,,,,5.75
Germany|France,Macroeconomic Indicators,United Kingdom,2022,percent,Statista Market Insights|UN Comtrade - United Nations Comtrade,,,,,,,,,,,,5.7,4.65
Germany|France,Macroeconomic Indicators,Czechia,2022,percent,Statista Market Insights|UN Comtrade - United Nations Comtrade,,,,,,,,,,,,,3.37
Germany|France,Macroeconomic Indicators,Netherlands,2022,percent,Statista Market Insights|UN Comtrade - United Nations Comtrade,,,,,,,,,,,,4.16,6.92
Germany|France,Macroeconomic Indicators,Switzerland,2022,percent,Statista Market Insights|UN Comtrade - United Nations Comtrade,,,,,,,,,,,,3.52,4.54
France,Macroeconomic Indicators,France,2022,percent,Statista Market Insights|UN Comtrade - United Nations Comtrade,,,,,,,,,,,,,7.36
Germany,Macroeconomic Indicators,Germany,2022,percent,Statista Market Insights|UN Comtrade - United Nations Comtrade,,,,,,,,,,,,13.68,
Germany|France,Macroeconomic Indicators,Italy,2023,percent,Statista Market Insights|UN Comtrade - United Nations Comtrade,,,,,,,,,,,,8.96,5.38
Germany|France,Macroeconomic Indicators,Austria,2023,percent,Statista Market Insights|UN Comtrade - United Nations Comtrade,,,,,,,,,,,,,4.89
Germany|France,Macroeconomic Indicators,Others,2023,percent,Statista Market Insights|UN Comtrade - United Nations Comtrade,,,,,,,,,,,,37.24,33.35
Germany|France,Macroeconomic Indicators,China,2023,percent,Statista Market Insights|UN Comtrade - United Nations Comtrade,,,,,,,,,,,,4.16,6.24
Germany|France,Macroeconomic Indicators,Belgium,2023,percent,Statista Market Insights|UN Comtrade - United Nations Comtrade,,,,,,,,,,,,8.16,3.83
Germany|France,Macroeconomic Indicators,United States,2023,percent,Statista Market Insights|UN Comtrade - United Nations Comtrade,,,,,,,,,,,,7.11,10.11
Germany|France,Macroeconomic Indicators,Spain,2023,percent,Statista Market Insights|UN Comtrade - United Nations Comtrade,,,,,,,,,,,,7.55,3.38
Germany|France,Macroeconomic Indicators,Poland,2023,percent,Statista Market Insights|UN Comtrade - United Nations Comtrade,,,,,,,,,,,,,5.67
Germany|France,Macroeconomic Indicators,United Kingdom,2023,percent,Statista Market Insights|UN Comtrade - United Nations Comtrade,,,,,,,,,,,,6.03,5.03
Germany|France,Macroeconomic Indicators,Czechia,2023,percent,Statista Market Insights|UN Comtrade - United Nations Comtrade,,,,,,,,,,,,,3.29
Germany|France,Macroeconomic Indicators,Netherlands,2023,percent,Statista Market Insights|UN Comtrade - United Nations Comtrade,,,,,,,,,,,,3.84,7.02
Germany|France,Macroeconomic Indicators,Switzerland,2023,percent,Statista Market Insights|UN Comtrade - United Nations Comtrade,,,,,,,,,,,,3.44,4.38
France,Macroeconomic Indicators,France,2023,percent,Statista Market Insights|UN Comtrade - United Nations Comtrade,,,,,,,,,,,,,7.42
Germany,Macroeconomic Indicators,Germany,2023,percent,Statista Market Insights|UN Comtrade - United Nations Comtrade,,,,,,,,,,,,13.5,
Germany,Macroeconomic Indicators,Italy,2024,percent,Statista Market Insights|UN Comtrade - United Nations Comtrade,,,,,,,,,,,,,5.1
Germany,Macroeconomic Indicators,Austria,2024,percent,Statista Market Insights|UN Comtrade - United Nations Comtrade,,,,,,,,,,,,,4.8
Germany,Macroeconomic Indicators,Others,2024,percent,Statista Market Insights|UN Comtrade - United Nations Comtrade,,,,,,,,,,,,,33.72
Germany,Macroeconomic Indicators,China,2024,percent,Statista Market Insights|UN Comtrade - United Nations Comtrade,,,,,,,,,,,,,5.61
Germany,Macroeconomic Indicators,Belgium,2024,percent,Statista Market Insights|UN Comtrade - United Nations Comtrade,,,,,,,,,,,,,3.74
Germany,Macroeconomic Indicators,United States,2024,percent,Statista Market Insights|UN Comtrade - United Nations Comtrade,,,,,,,,,,,,,10.5
Germany,Macroeconomic Indicators,Spain,2024,percent,Statista Market Insights|UN Comtrade - United Nations Comtrade,,,,,,,,,,,,,3.44
Germany,Macroeconomic Indicators,Poland,2024,percent,Statista Market Insights|UN Comtrade - United Nations Comtrade,,,,,,,,,,,,,6.03
Germany,Macroeconomic Indicators,United Kingdom,2024,percent,Statista Market Insights|UN Comtrade - United Nations Comtrade,,,,,,,,,,,,,5.15
Germany,Macroeconomic Indicators,Czechia,2024,percent,Statista Market Insights|UN Comtrade - United Nations Comtrade,,,,,,,,,,,,,3.27
Germany,Macroeconomic Indicators,Netherlands,2024,percent,Statista Market Insights|UN Comtrade - United Nations Comtrade,,,,,,,,,,,,,6.99
Germany,Macroeconomic Indicators,Switzerland,2024,percent,Statista Market Insights|UN Comtrade - United Nations Comtrade,,,,,,,,,,,,,4.44
Germany,Macroeconomic Indicators,France,2024,percent,Statista Market Insights|UN Comtrade - United Nations Comtrade,,,,,,,,,,,,,7.22
Germany|France,Macroeconomic Indicators,Others,2021,percent,Statista Market Insights|UN Comtrade - United Nations Comtrade,,,,,,,,,,,,33.21,39.19
Germany|France,Macroeconomic Indicators,Poland,2021,percent,Statista Market Insights|UN Comtrade - United Nations Comtrade,,,,,,,,,,,,,5.72
Germany|France,Macroeconomic Indicators,Czechia,2021,percent,Statista Market Insights|UN Comtrade - United Nations Comtrade,,,,,,,,,,,,,4.11
France,Macroeconomic Indicators,France,2021,percent,Statista Market Insights|UN Comtrade - United Nations Comtrade,,,,,,,,,,,,,5.13
Germany|France,Macroeconomic Indicators,Belgium,2021,percent,Statista Market Insights|UN Comtrade - United Nations Comtrade,,,,,,,,,,,,10.66,4.05
Germany|France,Macroeconomic Indicators,China,2021,percent,Statista Market Insights|UN Comtrade - United Nations Comtrade,,,,,,,,,,,,6.73,11.98
Germany|France,Macroeconomic Indicators,Spain,2021,percent,Statista Market Insights|UN Comtrade - United Nations Comtrade,,,,,,,,,,,,7.8,2.83
Germany|France,Macroeconomic Indicators,Austria,2021,percent,Statista Market Insights|UN Comtrade - United Nations Comtrade,,,,,,,,,,,,,3.72
Germany|France,Macroeconomic Indicators,Italy,2021,percent,Statista Market Insights|UN Comtrade - United Nations Comtrade,,,,,,,,,,,,8.28,5.42
Germany|France,Macroeconomic Indicators,United States,2021,percent,Statista Market Insights|UN Comtrade - United Nations Comtrade,,,,,,,,,,,,4.4,6.09
Germany|France,Macroeconomic Indicators,Netherlands,2021,percent,Statista Market Insights|UN Comtrade - United Nations Comtrade,,,,,,,,,,,,8.86,7.49
Germany|France,Macroeconomic Indicators,Switzerland,2021,percent,Statista Market Insights|UN Comtrade - United Nations Comtrade,,,,,,,,,,,,,4.26
Germany,Macroeconomic Indicators,Germany,2021,percent,Statista Market Insights|UN Comtrade - United Nations Comtrade,,,,,,,,,,,,16.74,
Germany|France,Macroeconomic Indicators,United Kingdom,2021,percent,Statista Market Insights|UN Comtrade - United Nations Comtrade,,,,,,,,,,,,3.32,
Germany|France,Macroeconomic Indicators,Others,2022,percent,Statista Market Insights|UN Comtrade - United Nations Comtrade,,,,,,,,,,,,34.12,43.8
Germany|France,Macroeconomic Indicators,Poland,2022,percent,Statista Market Insights|UN Comtrade - United Nations Comtrade,,,,,,,,,,,,,5.19
Germany|France,Macroeconomic Indicators,Czechia,2022,percent,Statista Market Insights|UN Comtrade - United Nations Comtrade,,,,,,,,,,,,,3.86
France,Macroeconomic Indicators,France,2022,percent,Statista Market Insights|UN Comtrade - United Nations Comtrade,,,,,,,,,,,,,4.64
Germany|France,Macroeconomic Indicators,Belgium,2022,percent,Statista Market Insights|UN Comtrade - United Nations Comtrade,,,,,,,,,,,,11.32,3.9
Germany|France,Macroeconomic Indicators,China,2022,percent,Statista Market Insights|UN Comtrade - United Nations Comtrade,,,,,,,,,,,,6.32,13.01
Germany|France,Macroeconomic Indicators,Spain,2022,percent,Statista Market Insights|UN Comtrade - United Nations Comtrade,,,,,,,,,,,,7.72,0
Germany|France,Macroeconomic Indicators,Austria,2022,percent,Statista Market Insights|UN Comtrade - United Nations Comtrade,,,,,,,,,,,,,3.49
Germany|France,Macroeconomic Indicators,Italy,2022,percent,Statista Market Insights|UN Comtrade - United Nations Comtrade,,,,,,,,,,,,7.36,4.85
Germany|France,Macroeconomic Indicators,United States,2022,percent,Statista Market Insights|UN Comtrade - United Nations Comtrade,,,,,,,,,,,,6.87,6.28
Germany|France,Macroeconomic Indicators,Netherlands,2022,percent,Statista Market Insights|UN Comtrade - United Nations Comtrade,,,,,,,,,,,,8.18,7.14
Germany|France,Macroeconomic Indicators,Switzerland,2022,percent,Statista Market Insights|UN Comtrade - United Nations Comtrade,,,,,,,,,,,,,3.84
Germany,Macroeconomic Indicators,Germany,2022,percent,Statista Market Insights|UN Comtrade - United Nations Comtrade,,,,,,,,,,,,14.64,
Germany|France,Macroeconomic Indicators,United Kingdom,2022,percent,Statista Market Insights|UN Comtrade - United Nations Comtrade,,,,,,,,,,,,3.48,
Germany|France,Macroeconomic Indicators,Others,2023,percent,Statista Market Insights|UN Comtrade - United Nations Comtrade,,,,,,,,,,,,33.49,39.2
Germany|France,Macroeconomic Indicators,Poland,2023,percent,Statista Market Insights|UN Comtrade - United Nations Comtrade,,,,,,,,,,,,,5.92
Germany|France,Macroeconomic Indicators,Czechia,2023,percent,Statista Market Insights|UN Comtrade - United Nations Comtrade,,,,,,,,,,,,,4.45
France,Macroeconomic Indicators,France,2023,percent,Statista Market Insights|UN Comtrade - United Nations Comtrade,,,,,,,,,,,,,5.07
Germany|France,Macroeconomic Indicators,Belgium,2023,percent,Statista Market Insights|UN Comtrade - United Nations Comtrade,,,,,,,,,,,,11.42,3.68
Germany|France,Macroeconomic Indicators,China,2023,percent,Statista Market Insights|UN Comtrade - United Nations Comtrade,,,,,,,,,,,,5.77,11.77
Germany|France,Macroeconomic Indicators,Spain,2023,percent,Statista Market Insights|UN Comtrade - United Nations Comtrade,,,,,,,,,,,,8.09,2.84
Germany|France,Macroeconomic Indicators,Austria,2023,percent,Statista Market Insights|UN Comtrade - United Nations Comtrade,,,,,,,,,,,,,3.83
Germany|France,Macroeconomic Indicators,Italy,2023,percent,Statista Market Insights|UN Comtrade - United Nations Comtrade,,,,,,,,,,,,7.97,5.23
Germany|France,Macroeconomic Indicators,United States,2023,percent,Statista Market Insights|UN Comtrade - United Nations Comtrade,,,,,,,,,,,,5.6,6.87
Germany|France,Macroeconomic Indicators,Netherlands,2023,percent,Statista Market Insights|UN Comtrade - United Nations Comtrade,,,,,,,,,,,,8.85,7.2
Germany|France,Macroeconomic Indicators,Switzerland,2023,percent,Statista Market Insights|UN Comtrade - United Nations Comtrade,,,,,,,,,,,,,3.95
Germany,Macroeconomic Indicators,Germany,2023,percent,Statista Market Insights|UN Comtrade - United Nations Comtrade,,,,,,,,,,,,15.49,
Germany|France,Macroeconomic Indicators,United Kingdom,2023,percent,Statista Market Insights|UN Comtrade - United Nations Comtrade,,,,,,,,,,,,3.32,
Germany,Macroeconomic Indicators,Others,2024,percent,Statista Market Insights|UN Comtrade - United Nations Comtrade,,,,,,,,,,,,,39.02
Germany,Macroeconomic Indicators,Poland,2024,percent,Statista Market Insights|UN Comtrade - United Nations Comtrade,,,,,,,,,,,,,5.86
Germany,Macroeconomic Indicators,Czechia,2024,percent,Statista Market Insights|UN Comtrade - United Nations Comtrade,,,,,,,,,,,,,4.53
Germany,Macroeconomic Indicators,France,2024,percent,Statista Market Insights|UN Comtrade - United Nations Comtrade,,,,,,,,,,,,,5.02
Germany,Macroeconomic Indicators,Belgium,2024,percent,Statista Market Insights|UN Comtrade - United Nations Comtrade,,,,,,,,,,,,,3.46
Germany,Macroeconomic Indicators,China,2024,percent,Statista Market Insights|UN Comtrade - United Nations Comtrade,,,,,,,,,,,,,12.65
Germany,Macroeconomic Indicators,Spain,2024,percent,Statista Market Insights|UN Comtrade - United Nations Comtrade,,,,,,,,,,,,,2.84
Germany,Macroeconomic Indicators,Austria,2024,percent,Statista Market Insights|UN Comtrade - United Nations Comtrade,,,,,,,,,,,,,3.73
Germany,Macroeconomic Indicators,Italy,2024,percent,Statista Market Insights|UN Comtrade - United Nations Comtrade,,,,,,,,,,,,,5.12
Germany,Macroeconomic Indicators,United States,2024,percent,Statista Market Insights|UN Comtrade - United Nations Comtrade,,,,,,,,,,,,,6.83
Germany,Macroeconomic Indicators,Netherlands,2024,percent,Statista Market Insights|UN Comtrade - United Nations Comtrade,,,,,,,,,,,,,6.85
Germany,Macroeconomic Indicators,Switzerland,2024,percent,Statista Market Insights|UN Comtrade - United Nations Comtrade,,,,,,,,,,,,,4.09
Germany,Macroeconomic Indicators,Merchandise Trade BoP,Merchandise Trade BoP,billion EUR (€),Statista Market Insights|ILO|World Bank,182.45,88.11,216.98,239.57,233.91,231.14,222.7,215.07,208.16,201.09,193.95,,
France,Macroeconomic Indicators,Merchandise Trade BoP,Merchandise Trade BoP,billion EUR (€),Statista Market Insights|ILO|World Bank,-109.89,-192.39,-126.72,-101.99,-126.87,-144.14,-156.95,-169.58,-182.3,-194.5,-205.86,,
Germany,Macroeconomic Indicators,Merchandise Export,Merchandise Export,trillion EUR (€),Statista Market Insights|ILO|World Bank,1.38,1.59,1.57,1.56,1.7,1.81,1.87,1.93,2,2.05,2.1,,
France,Macroeconomic Indicators,Merchandise Export,Merchandise Export,trillion EUR (€),Statista Market Insights|ILO|World Bank,0.49,0.59,0.6,0.59,0.64,0.68,0.7,0.72,0.75,0.77,0.79,,
Germany,Macroeconomic Indicators,Merchandise Imports,Merchandise Imports,trillion EUR (€),Statista Market Insights|ILO|World Bank,1.19,1.5,1.36,1.32,1.47,1.58,1.65,1.72,1.79,1.85,1.91,,
France,Macroeconomic Indicators,Merchandise Imports,Merchandise Imports,trillion EUR (€),Statista Market Insights|ILO|World Bank,0.6,0.78,0.73,0.7,0.77,0.82,0.86,0.89,0.93,0.97,1,,
Germany,Macroeconomic Indicators,Arms Imports ,Import - High Geopolitical Tension,million Trend Indicator Value (TIV),Statista Market Insights|SIPRI - Stockholm International Peace Research Institute,235,284,200,239,"1,632","3,382.84","5,623.44","6,209.34","6,739.11","7,124.12","7,578.66",,
France,Macroeconomic Indicators,Arms Imports ,Import - High Geopolitical Tension,million Trend Indicator Value (TIV),Statista Market Insights|SIPRI - Stockholm International Peace Research Institute,105,133,120,188,236,232.51,228.46,230.63,217,203.05,188.69,,
Germany,Macroeconomic Indicators,Arms Imports ,Import - Very Low Geopolitical Tension,million Trend Indicator Value (TIV),Statista Market Insights|SIPRI - Stockholm International Peace Research Institute,235,284,200,239,"1,632","2,689.82","3,522.97","3,056","2,768.17","2,583.4","2,406.07",,
France,Macroeconomic Indicators,Arms Imports ,Import - Very Low Geopolitical Tension,million Trend Indicator Value (TIV),Statista Market Insights|SIPRI - Stockholm International Peace Research Institute,105,133,120,188,236,195.34,177.28,172.15,148.85,130.17,114.72,,
Germany,Macroeconomic Indicators,Arms Imports ,Import - Low Geopolitical Tension,million Trend Indicator Value (TIV),Statista Market Insights|SIPRI - Stockholm International Peace Research Institute,235,284,200,239,"1,632","2,900.59","4,128.17","3,924.46","3,754.74","3,711.86","3,606.37",,
France,Macroeconomic Indicators,Arms Imports ,Import - Low Geopolitical Tension,million Trend Indicator Value (TIV),Statista Market Insights|SIPRI - Stockholm International Peace Research Institute,105,133,120,188,236,207.5,193.34,190.88,169.92,152.38,136.42,,
Germany,Macroeconomic Indicators,Arms Imports ,Import - Baseline Geopolitical Tension,million Trend Indicator Value (TIV),Statista Market Insights|SIPRI - Stockholm International Peace Research Institute,235,284,200,239,"1,632","3,141.72","4,807.08","4,948.71","5,057.28","5,124.23","5,221.94",,
France,Macroeconomic Indicators,Arms Imports ,Import - Baseline Geopolitical Tension,million Trend Indicator Value (TIV),Statista Market Insights|SIPRI - Stockholm International Peace Research Institute,105,133,120,188,236,220.04,210.43,209.43,192.49,175.71,160.22,,
Germany,Macroeconomic Indicators,Arms Imports ,Import - Very High Geopolitical Tension,million Trend Indicator Value (TIV),Statista Market Insights|SIPRI - Stockholm International Peace Research Institute,235,284,200,239,"1,632","3,648.3","6,612.89","7,969.06","9,010.19","10,095.46","11,313.79",,
France,Macroeconomic Indicators,Arms Imports ,Import - Very High Geopolitical Tension,million Trend Indicator Value (TIV),Statista Market Insights|SIPRI - Stockholm International Peace Research Institute,105,133,120,188,236,246.97,250.13,256,247.86,236.06,222.43,,
Germany,Macroeconomic Indicators,Arms Imports - Trade Value,Import Value - Very High Geopolitical Tension,billion EUR (€),Statista Market Insights|SIPRI - Stockholm International Peace Research Institute,0.5,0.73,0.52,0.64,4.51,10.34,19.19,23.66,27.4,31.38,35.9,,
France,Macroeconomic Indicators,Arms Imports - Trade Value,Import Value - Very High Geopolitical Tension,billion EUR (€),Statista Market Insights|SIPRI - Stockholm International Peace Research Institute,0.22,0.34,0.31,0.5,0.65,0.7,0.73,0.76,0.75,0.73,0.71,,
Germany,Macroeconomic Indicators,Arms Imports - Trade Value,Import Value - Baseline Geopolitical Tension,billion EUR (€),Statista Market Insights|SIPRI - Stockholm International Peace Research Institute,0.5,0.73,0.52,0.64,4.51,8.91,13.95,14.69,15.38,15.93,16.57,,
France,Macroeconomic Indicators,Arms Imports - Trade Value,Import Value - Baseline Geopolitical Tension,billion EUR (€),Statista Market Insights|SIPRI - Stockholm International Peace Research Institute,0.22,0.34,0.31,0.5,0.65,0.62,0.61,0.62,0.59,0.55,0.51,,
Germany,Macroeconomic Indicators,Arms Imports - Trade Value,Import Value - Very Low Geopolitical Tension,billion EUR (€),Statista Market Insights|SIPRI - Stockholm International Peace Research Institute,0.5,0.73,0.52,0.64,4.51,7.63,10.22,9.07,8.42,8.03,7.63,,
France,Macroeconomic Indicators,Arms Imports - Trade Value,Import Value - Very Low Geopolitical Tension,billion EUR (€),Statista Market Insights|SIPRI - Stockholm International Peace Research Institute,0.22,0.34,0.31,0.5,0.65,0.55,0.51,0.51,0.45,0.4,0.36,,
Germany,Macroeconomic Indicators,Arms Imports - Trade Value,Import Value - High Geopolitical Tension,billion EUR (€),Statista Market Insights|SIPRI - Stockholm International Peace Research Institute,0.5,0.73,0.52,0.64,4.51,9.59,16.32,18.44,20.49,22.14,24.05,,
France,Macroeconomic Indicators,Arms Imports - Trade Value,Import Value - High Geopolitical Tension,billion EUR (€),Statista Market Insights|SIPRI - Stockholm International Peace Research Institute,0.22,0.34,0.31,0.5,0.65,0.66,0.66,0.68,0.66,0.63,0.6,,
Germany,Macroeconomic Indicators,Arms Imports - Trade Value,Import Value - Low Geopolitical Tension,billion EUR (€),Statista Market Insights|SIPRI - Stockholm International Peace Research Institute,0.5,0.73,0.52,0.64,4.51,8.22,11.98,11.65,11.42,11.54,11.44,,
France,Macroeconomic Indicators,Arms Imports - Trade Value,Import Value - Low Geopolitical Tension,billion EUR (€),Statista Market Insights|SIPRI - Stockholm International Peace Research Institute,0.22,0.34,0.31,0.5,0.65,0.59,0.56,0.57,0.52,0.47,0.43,,
Germany,Macroeconomic Indicators,Arms Exports,Export - Very Low Geopolitical Tension,billion Trend Indicator Value (TIV),Statista Market Insights|SIPRI - Stockholm International Peace Research Institute,0.81,1.49,2.47,2.05,1.7,1.58,1.53,1.52,1.5,1.5,1.5,,
France,Macroeconomic Indicators,Arms Exports,Export - Very Low Geopolitical Tension,billion Trend Indicator Value (TIV),Statista Market Insights|SIPRI - Stockholm International Peace Research Institute,3.84,3.12,2.15,2.27,3.37,3.03,3.1,3.04,2.92,2.97,2.85,,
Germany,Macroeconomic Indicators,Arms Exports,Export - Baseline Geopolitical Tension,billion Trend Indicator Value (TIV),Statista Market Insights|SIPRI - Stockholm International Peace Research Institute,0.81,1.49,2.47,2.05,1.7,1.72,1.77,1.81,1.85,1.88,1.93,,
France,Macroeconomic Indicators,Arms Exports,Export - Baseline Geopolitical Tension,billion Trend Indicator Value (TIV),Statista Market Insights|SIPRI - Stockholm International Peace Research Institute,3.84,3.12,2.15,2.27,3.37,3.3,3.49,3.68,3.77,4.11,4.24,,
Germany,Macroeconomic Indicators,Arms Exports,Export - Very High Geopolitical Tension,billion Trend Indicator Value (TIV),Statista Market Insights|SIPRI - Stockholm International Peace Research Institute,0.81,1.49,2.47,2.05,1.7,1.88,2.02,2.14,2.26,2.36,2.47,,
France,Macroeconomic Indicators,Arms Exports,Export - Very High Geopolitical Tension,billion Trend Indicator Value (TIV),Statista Market Insights|SIPRI - Stockholm International Peace Research Institute,3.84,3.12,2.15,2.27,3.37,3.61,3.96,4.45,4.89,5.7,6.41,,
Germany,Macroeconomic Indicators,Arms Exports,Export - Low Geopolitical Tension,billion Trend Indicator Value (TIV),Statista Market Insights|SIPRI - Stockholm International Peace Research Institute,0.81,1.49,2.47,2.05,1.7,1.65,1.65,1.67,1.67,1.69,1.72,,
France,Macroeconomic Indicators,Arms Exports,Export - Low Geopolitical Tension,billion Trend Indicator Value (TIV),Statista Market Insights|SIPRI - Stockholm International Peace Research Institute,3.84,3.12,2.15,2.27,3.37,3.17,3.29,3.36,3.33,3.5,3.49,,
Germany,Macroeconomic Indicators,Arms Exports,Export - High Geopolitical Tension,billion Trend Indicator Value (TIV),Statista Market Insights|SIPRI - Stockholm International Peace Research Institute,0.81,1.49,2.47,2.05,1.7,1.8,1.88,1.96,2.03,2.1,2.18,,
France,Macroeconomic Indicators,Arms Exports,Export - High Geopolitical Tension,billion Trend Indicator Value (TIV),Statista Market Insights|SIPRI - Stockholm International Peace Research Institute,3.84,3.12,2.15,2.27,3.37,3.44,3.71,4.03,4.28,4.82,5.2,,
Germany,Macroeconomic Indicators,Arms Exports - Trade Value,Export Value - Very Low Geopolitical Tension,billion EUR (€),Statista Market Insights|SIPRI - Stockholm International Peace Research Institute,1.71,3.81,6.41,5.49,4.69,4.47,4.44,4.52,4.57,4.67,4.77,,
France,Macroeconomic Indicators,Arms Exports - Trade Value,Export Value - Very Low Geopolitical Tension,billion EUR (€),Statista Market Insights|SIPRI - Stockholm International Peace Research Institute,8.09,7.99,5.58,6.09,9.31,8.6,8.98,9.01,8.86,9.23,9.04,,
Germany,Macroeconomic Indicators,Arms Exports - Trade Value,Export Value - High Geopolitical Tension,billion EUR (€),Statista Market Insights|SIPRI - Stockholm International Peace Research Institute,1.71,3.81,6.41,5.49,4.69,5.1,5.45,5.82,6.18,6.52,6.93,,
France,Macroeconomic Indicators,Arms Exports - Trade Value,Export Value - High Geopolitical Tension,billion EUR (€),Statista Market Insights|SIPRI - Stockholm International Peace Research Institute,8.09,7.99,5.58,6.09,9.31,9.76,10.76,11.98,13.01,14.97,16.49,,
Germany,Macroeconomic Indicators,Arms Exports - Trade Value,Export Value - Very High Geopolitical Tension,billion EUR (€),Statista Market Insights|SIPRI - Stockholm International Peace Research Institute,1.71,3.81,6.41,5.49,4.69,5.33,5.86,6.34,6.86,7.33,7.84,,
France,Macroeconomic Indicators,Arms Exports - Trade Value,Export Value - Very High Geopolitical Tension,billion EUR (€),Statista Market Insights|SIPRI - Stockholm International Peace Research Institute,8.09,7.99,5.58,6.09,9.31,10.22,11.49,13.2,14.87,17.73,20.33,,
Germany,Macroeconomic Indicators,Arms Exports - Trade Value,Export Value - Baseline Geopolitical Tension,billion EUR (€),Statista Market Insights|SIPRI - Stockholm International Peace Research Institute,1.71,3.81,6.41,5.49,4.69,4.88,5.12,5.36,5.61,5.85,6.13,,
France,Macroeconomic Indicators,Arms Exports - Trade Value,Export Value - Baseline Geopolitical Tension,billion EUR (€),Statista Market Insights|SIPRI - Stockholm International Peace Research Institute,8.09,7.99,5.58,6.09,9.31,9.37,10.13,10.93,11.48,12.77,13.46,,
Germany,Macroeconomic Indicators,Arms Exports - Trade Value,Export Value - Low Geopolitical Tension,billion EUR (€),Statista Market Insights|SIPRI - Stockholm International Peace Research Institute,1.71,3.81,6.41,5.49,4.69,4.69,4.79,4.95,5.09,5.26,5.47,,
France,Macroeconomic Indicators,Arms Exports - Trade Value,Export Value - Low Geopolitical Tension,billion EUR (€),Statista Market Insights|SIPRI - Stockholm International Peace Research Institute,8.09,7.99,5.58,6.09,9.31,9,9.55,9.97,10.12,10.88,11.07,,
